PUBCHEM_RESULT_TAG,PUBCHEM_SID,PUBCHEM_CID,PUBCHEM_ACTIVITY_OUTCOME,PUBCHEM_ACTIVITY_SCORE
1,17390061,457193,Active,0
10,26753506,2154,Active,0
100,26757803,20279,Active,0
1000,17388848,5930,Active,0
10000,17389283,12281,Inactive,0
10001,17389284,7248,Inactive,0
10009,17389285,11883,Inactive,0
1001,17389022,10866,Active,0
10017,17389288,7258,Inactive,0
10025,17389291,22710,Inactive,0
10033,17389292,10332,Inactive,0
10041,17389293,25608,Inactive,0
10049,17389294,11859,Inactive,0
10057,17389295,88365,Inactive,0
10065,17389296,95116,Inactive,0
10073,17389298,8411,Inactive,0
10081,17389300,8362,Inactive,0
10089,17389301,41206,Inactive,0
1009,17389123,25429,Active,0
10097,17389302,6618,Inactive,0
10105,17389303,759280,Inactive,0
10113,17389304,18635,Inactive,0
10121,17389305,21499,Inactive,0
10129,17389306,7521,Inactive,0
10137,17389307,6923,Inactive,0
10145,17389309,5364360,Inactive,0
10153,17389311,12252,Inactive,0
10161,17389312,8407,Inactive,0
10169,17389313,6829,Inactive,0
1017,17389169,28780,Active,0
10177,17389314,7621,Inactive,0
10185,17389315,7301,Inactive,0
10193,17389316,6559,Inactive,0
10201,17389317,10704,Inactive,0
10209,17389318,16097,Inactive,0
10217,17389319,7441,Inactive,0
10225,17389320,16096,Inactive,0
10233,17389321,11783,Inactive,0
10241,17389322,12512,Inactive,0
10249,17389323,6028739,Inactive,0
1025,17389212,2723598,Active,0
10257,17389324,7745,Inactive,0
10265,17389325,707035,Inactive,0
10273,17389326,28503,Inactive,0
10281,17389327,11671,Inactive,0
10289,17389328,9808,Inactive,0
10297,17389330,7719,Inactive,0
10313,17389333,17162,Inactive,0
10321,17389334,7636,Inactive,0
10329,17389335,8697,Inactive,0
1033,17389974,8805,Active,0
10337,17389336,31241,Inactive,0
10345,17389337,7211,Inactive,0
10353,17389338,8076,Inactive,0
10361,17389339,5362708,Inactive,0
10369,17389340,13594,Inactive,0
10377,17389341,7056,Inactive,0
10385,17389342,6996,Inactive,0
10393,17389343,16004,Inactive,0
10401,17389344,11673,Inactive,0
10409,17389345,8133,Inactive,0
1041,26752071,456201,Active,0
10417,17389346,6358,Inactive,0
10425,17389347,16329,Inactive,0
10433,17389348,15752,Inactive,0
10441,17389349,32346,Inactive,0
10449,17389350,2155,Inactive,0
10457,17389351,7015,Inactive,0
10465,17389352,8706,Inactive,0
10473,17389353,13624,Inactive,0
10481,17389354,11937,Inactive,0
10489,17389355,22704,Inactive,0
10497,17389356,7192,Inactive,0
105,17389073,62770,Active,0
10505,17389357,34757,Inactive,0
10513,17389358,34665,Inactive,0
10521,17389359,40301,Inactive,0
10529,17389361,15132,Inactive,0
10537,17389362,21622,Inactive,0
10545,17389364,29872,Inactive,0
10553,17389365,3894848,Inactive,0
10561,17389366,7385,Inactive,0
10569,17389367,520108,Inactive,0
1057,26752783,1744,Active,0
10577,17389368,14286,Inactive,0
10585,17389370,6896,Inactive,0
10593,17389371,13205,Inactive,0
10601,17389372,7040,Inactive,0
10609,17389373,11335,Inactive,0
10617,17389374,6899,Inactive,0
10625,17389375,78392,Inactive,0
10633,17389376,5758,Inactive,0
10641,17389377,6737,Inactive,0
10649,17389378,7259,Inactive,0
10657,17389379,8031,Inactive,0
10665,17389380,7267,Inactive,0
10673,17389381,66,Inactive,0
10681,17389382,5784,Inactive,0
10689,17389383,7262,Inactive,0
10697,17389384,7250,Inactive,0
10705,17389385,11443,Inactive,0
10713,17389386,12262,Inactive,0
10721,17389388,10226,Inactive,0
10729,17389389,1491,Inactive,0
1073,26752884,8606,Active,0
10737,17389390,67967,Inactive,0
10745,17389391,9709,Inactive,0
10753,17389392,11899,Inactive,0
10761,17389393,5787,Inactive,0
10769,17389394,11123,Inactive,0
10777,17389396,61286,Inactive,0
10785,17389397,16180,Inactive,0
10793,17389398,25607,Inactive,0
10801,17389399,29228,Inactive,0
10809,17389400,113124,Inactive,0
1081,26753040,8478,Active,0
10817,17389401,7271,Inactive,0
10825,17389402,6983,Inactive,0
10833,17389403,21058,Inactive,0
10841,17389404,6893,Inactive,0
10849,17389405,11761,Inactive,0
10857,17389406,6589,Inactive,0
10865,17389407,10687,Inactive,0
10873,17389410,11334,Inactive,0
10881,17389411,18555,Inactive,0
10889,17389412,5765,Inactive,0
1089,26757123,44134376,Active,0
10897,17389413,6565,Inactive,0
10905,17389414,12018,Inactive,0
10913,17389415,11746,Inactive,0
10921,17389416,13618,Inactive,0
10929,17389417,13619,Inactive,0
10937,17389418,13636,Inactive,0
10945,17389419,8330,Inactive,0
10953,17389420,27582,Inactive,0
10961,17389421,28697,Inactive,0
10969,17389422,13428,Inactive,0
1097,26757174,8809,Active,0
10977,17389424,6403,Inactive,0
10985,17389425,19871,Inactive,0
10993,17389426,11684,Inactive,0
11001,17389427,7791,Inactive,0
11009,17389428,11660,Inactive,0
11017,17389429,20167,Inactive,0
11025,17389430,18692,Inactive,0
11033,17389432,95170,Inactive,0
11041,17389433,37034,Inactive,0
11049,17389434,155166,Inactive,0
1105,26757183,44134377,Active,0
11057,17389435,17111,Inactive,0
11065,17389436,174223,Inactive,0
11073,17389437,62725,Inactive,0
11081,17389438,8196,Inactive,0
11089,17389439,8004,Inactive,0
11097,17389440,8125,Inactive,0
11105,17389441,12589,Inactive,0
11113,17389442,13432,Inactive,0
11121,17389443,16932,Inactive,0
11129,17389444,12574,Inactive,0
1113,26757307,86173,Active,0
11137,17389445,11597,Inactive,0
11145,17389446,6264,Inactive,0
11153,17389447,7003,Inactive,0
11161,17389448,7849,Inactive,0
11169,17389449,11750,Inactive,0
11177,17389453,16402,Inactive,0
11185,17389454,11803,Inactive,0
11193,17389455,6974,Inactive,0
11201,17389457,8064,Inactive,0
11209,17389458,3083585,Inactive,0
1121,26757478,6,Active,0
11217,17389459,10423,Inactive,0
11225,17389460,7594,Inactive,0
11233,17389462,7908,Inactive,0
11241,17389463,7426,Inactive,0
11249,17389464,6991,Inactive,0
11257,17389465,6672,Inactive,0
11265,17389468,24726,Inactive,0
11273,17389469,7289,Inactive,0
11281,17389470,637892,Inactive,0
11289,17389471,7950,Inactive,0
1129,26757512,8139,Active,0
11297,17389472,18604,Inactive,0
113,17389082,6197,Active,0
11305,17389473,23741,Inactive,0
11313,17389474,16993,Inactive,0
11321,17389475,13586,Inactive,0
11329,17389476,7440,Inactive,0
11337,17389477,6739,Inactive,0
11345,17389478,8981,Inactive,0
11361,17389481,69317,Inactive,0
11369,17389482,4649906,Inactive,0
1137,26757513,3032732,Active,0
11377,17389483,7270,Inactive,0
11385,17389484,6895,Inactive,0
11393,17389485,12468,Inactive,0
11401,17389486,7046,Inactive,0
11409,17389487,12463,Inactive,0
11417,17389488,15560,Inactive,0
11425,17389489,7657,Inactive,0
11433,17389490,11245,Inactive,0
11441,17389491,6588,Inactive,0
11449,17389493,8394,Inactive,0
1145,26757521,27423,Active,0
11457,17389497,106729,Inactive,0
11465,17389498,11742,Inactive,0
11473,17389500,14855,Inactive,0
11481,17389501,6997,Inactive,0
11489,17389502,5753,Inactive,0
11497,17389503,8554,Inactive,0
11505,17389504,66494,Inactive,0
11513,17389505,67174,Inactive,0
11521,17389506,7577,Inactive,0
11529,17389507,2482,Inactive,0
1153,26757537,671,Active,0
11537,17389508,11328,Inactive,0
11545,17389509,853433,Inactive,0
11553,17389510,4632,Inactive,0
11561,17389513,6013,Inactive,0
11569,17389517,6984,Inactive,0
11577,17389519,5281708,Inactive,0
11585,17389522,24066,Inactive,0
11593,17389523,3121,Inactive,0
11601,17389524,5578,Inactive,0
11609,17389525,5565,Inactive,0
1161,26757603,15096,Active,0
11617,17389527,5333,Inactive,0
11625,17389528,5328,Inactive,0
11633,17389531,441074,Inactive,0
11641,17389532,4992,Inactive,0
11649,17389533,7175,Inactive,0
11657,17389534,4909,Inactive,0
11665,17389535,4064,Inactive,0
11673,17389537,73339,Inactive,0
11681,17389538,612,Inactive,0
11689,17389539,460,Inactive,0
1169,26757795,62097,Active,0
11697,17389541,135398739,Inactive,0
11705,17389544,2720,Inactive,0
11713,17389545,2662,Inactive,0
11721,17389546,5361202,Inactive,0
11729,17389547,2554,Inactive,0
11737,17389549,5280965,Inactive,0
11745,17389550,135401907,Inactive,0
11753,17389553,26132,Inactive,0
11761,17389554,25670,Inactive,0
11769,17389555,94308,Inactive,0
1177,26757812,5702238,Active,0
11777,17389556,21013,Inactive,0
11785,17389557,20525,Inactive,0
11793,17389558,15439,Inactive,0
11801,17389559,13404,Inactive,0
11809,17389560,13165,Inactive,0
11817,17389561,12749,Inactive,0
11825,17389562,12266,Inactive,0
11833,17389563,12124,Inactive,0
11841,17389564,12091,Inactive,0
11849,17389565,11852,Inactive,0
1185,144205631,7547,Active,0
11857,17389566,10943,Inactive,0
11865,17389567,10800,Inactive,0
11873,17389568,10722,Inactive,0
11881,17389569,10721,Inactive,0
11889,17389571,3118,Inactive,0
11897,17389572,9016,Inactive,0
11905,17389573,8881,Inactive,0
11913,17389574,8857,Inactive,0
11921,17389575,700,Inactive,0
11929,17389576,4284,Inactive,0
1193,17388663,5281576,Active,0
11937,17389577,31370,Inactive,0
11945,17389578,31357,Inactive,0
11953,17389579,31272,Inactive,0
11961,17389581,11487,Inactive,0
11969,17389582,8489,Inactive,0
11977,17389583,1183,Inactive,0
11985,17389584,8467,Inactive,0
11993,17389585,8461,Inactive,0
12001,17389586,13,Inactive,0
12009,17389587,3102,Inactive,0
1201,17388687,638015,Active,0
12017,17389588,1483,Inactive,0
12025,17389589,8361,Inactive,0
12033,17389590,8346,Inactive,0
12041,17389591,957,Inactive,0
12049,17389592,8143,Inactive,0
12057,17389593,8128,Inactive,0
12065,17389594,8113,Inactive,0
12073,17389595,8103,Inactive,0
12081,17389596,8102,Inactive,0
12089,17389598,8081,Inactive,0
1209,17388699,28803,Active,0
12097,17389599,1049,Inactive,0
12105,17389600,8021,Inactive,0
12113,17389601,7970,Inactive,0
12121,17389602,7966,Inactive,0
12129,17389603,7909,Inactive,0
12137,17389604,7859,Inactive,0
12145,17389605,3301,Inactive,0
12153,17389606,7854,Inactive,0
12161,17389607,7840,Inactive,0
12169,17389608,7819,Inactive,0
1217,17388853,41684,Active,0
12177,17389609,4684,Inactive,0
12185,17389610,7809,Inactive,0
12193,17389611,7807,Inactive,0
12201,17389612,7771,Inactive,0
12209,17389614,7681,Inactive,0
12217,17389615,7583,Inactive,0
12225,17389616,7517,Inactive,0
12233,17389617,7515,Inactive,0
12241,17389618,7497,Inactive,0
12249,17389619,7471,Inactive,0
1225,17388858,4485,Active,0
12257,17389621,7406,Inactive,0
12265,17389624,5324275,Inactive,0
12273,17389626,7257,Inactive,0
12281,17389627,7240,Inactive,0
12289,17389628,335,Inactive,0
12297,17389629,7237,Inactive,0
12305,17389630,7061,Inactive,0
12313,17389631,7047,Inactive,0
12321,17389632,6947,Inactive,0
12329,17389633,3026,Inactive,0
1233,17388868,64142,Active,0
12337,17389634,6781,Inactive,0
12345,17389635,493570,Inactive,0
12353,17389637,6643,Inactive,0
12361,17389638,6584,Inactive,0
12369,17389639,6568,Inactive,0
12377,17389640,6567,Inactive,0
12385,17389641,6560,Inactive,0
12393,17389642,6540,Inactive,0
12401,17389643,6278,Inactive,0
12409,17389644,6276,Inactive,0
1241,17388887,13101,Active,0
12417,17389645,263,Inactive,0
12425,17389646,887,Inactive,0
12433,17389647,5147,Inactive,0
12441,17389648,1732,Inactive,0
12449,17389649,6028,Inactive,0
12457,17389650,2331,Inactive,0
12465,17389651,11011,Inactive,0
12473,17389652,11005,Inactive,0
12481,17389653,527,Inactive,0
12489,17389654,8063,Inactive,0
1249,17388994,637930,Active,0
12497,17389655,379,Inactive,0
12505,17389656,5281,Inactive,0
12513,17389658,6561,Inactive,0
12521,17389659,8314,Inactive,0
12529,17389660,7470,Inactive,0
12537,17389661,7418,Inactive,0
12545,17389662,196,Inactive,0
12553,17389663,8094,Inactive,0
12561,17389664,8130,Inactive,0
12569,17389665,3893,Inactive,0
1257,17389049,19996,Active,0
12577,17389666,650,Inactive,0
12585,17389667,18177,Inactive,0
12593,17389668,2969,Inactive,0
12601,17389669,7245,Inactive,0
12609,17389670,444972,Inactive,0
12617,17389671,444266,Inactive,0
12625,17389672,6569,Inactive,0
12633,17389673,261,Inactive,0
12641,17389674,6333,Inactive,0
12649,17389675,11534,Inactive,0
1265,17389058,3039,Active,0
12657,17389676,6227,Inactive,0
12665,17389677,8794,Inactive,0
12673,17389678,7505,Inactive,0
12681,17389679,1017,Inactive,0
12689,17389680,180,Inactive,0
12697,17389681,5284484,Inactive,0
12705,17389684,62158,Inactive,0
12721,17389686,6366,Inactive,0
12729,17389688,7904,Inactive,0
1273,17389087,969516,Active,0
12737,17389689,1176,Inactive,0
12745,17389690,6537,Inactive,0
12753,17389691,8295,Inactive,0
12761,17389692,8717,Inactive,0
12769,17389694,7285,Inactive,0
12777,17389696,6389,Inactive,0
12785,17389697,6575,Inactive,0
12793,17389698,6574,Inactive,0
12801,17389699,12471,Inactive,0
12809,17389700,6421,Inactive,0
1281,17389332,22571,Active,0
12817,17389701,10850,Inactive,0
12825,17389702,5558,Inactive,0
12833,17389705,12484,Inactive,0
12841,17389706,1140,Inactive,0
12849,17389707,5505,Inactive,0
12857,17389709,2723790,Inactive,0
12865,17389710,2723789,Inactive,0
12873,17389711,8765,Inactive,0
12881,17389714,5430,Inactive,0
12889,17389715,2153,Inactive,0
1289,17389450,6436079,Active,0
12897,17389716,10509,Inactive,0
129,17389682,8722,Active,0
12905,17389718,41478,Inactive,0
12913,17389719,8028,Inactive,0
12921,17389721,31373,Inactive,0
12929,17389722,6591,Inactive,0
12937,17389723,1123,Inactive,0
12945,17389726,5344,Inactive,0
12953,17389727,5327,Inactive,0
12961,17389729,7922,Inactive,0
12969,17389730,7276,Inactive,0
1297,17389530,445354,Active,0
12977,17389731,7501,Inactive,0
12985,17389732,643460,Inactive,0
12993,17389733,23665760,Inactive,0
13001,17389734,23668197,Inactive,0
13009,17389735,68289,Inactive,0
13017,17389736,11972286,Inactive,0
13025,17389737,5339,Inactive,0
13033,17389738,5144,Inactive,0
13041,17389740,135398735,Inactive,0
13049,17389742,5054,Inactive,0
1305,17389713,7308,Active,0
13057,17389745,7737,Inactive,0
13065,17389747,1046,Inactive,0
13073,17389748,657298,Inactive,0
13081,17389749,1030,Inactive,0
13089,17389751,2365,Inactive,0
13097,17389752,4911,Inactive,0
13105,17389753,5865,Inactive,0
13113,17389755,6811,Inactive,0
13121,17389756,7017,Inactive,0
13129,17389758,31217,Inactive,0
1313,17389743,5770,Active,0
13137,17389759,7935,Inactive,0
13145,17389760,4781,Inactive,0
13153,17389761,676454,Inactive,0
13161,17389763,4021,Inactive,0
13169,17389765,7108,Inactive,0
13177,17389766,4764,Inactive,0
13185,17389767,996,Inactive,0
13193,17389770,4754,Inactive,0
13201,17389771,992,Inactive,0
13209,17389772,6720,Inactive,0
1321,17389858,3598,Active,0
13217,17389773,991,Inactive,0
13225,17389775,7579,Inactive,0
13249,17389778,7526,Inactive,0
13257,17389780,6838,Inactive,0
13265,17389781,6124,Inactive,0
13273,17389782,5921,Inactive,0
13281,17389783,14223,Inactive,0
13289,17389784,398,Inactive,0
1329,17389975,10757,Active,0
13297,17389785,7903,Inactive,0
13305,17389786,6849,Inactive,0
13313,17389787,6375,Inactive,0
13321,17389789,6587,Inactive,0
13329,17389790,12302,Inactive,0
13337,17389791,6108,Inactive,0
13345,17389792,7195,Inactive,0
13353,17389793,7416,Inactive,0
13361,17389794,12076,Inactive,0
13369,17389796,7475,Inactive,0
1337,26757095,4420,Active,0
13377,17389798,7444,Inactive,0
13385,17389799,5111791,Inactive,0
13393,17389800,4338370,Inactive,0
13401,17389802,7447,Inactive,0
13409,17389803,23668193,Inactive,0
13417,17389804,8758,Inactive,0
13425,17389805,89594,Inactive,0
13433,17389806,7057,Inactive,0
13441,17389807,8640,Inactive,0
13449,17389809,16720,Inactive,0
1345,26757162,32739,Active,0
13457,17389810,6862,Inactive,0
13465,17389811,931,Inactive,0
13473,17389812,4421,Inactive,0
13481,17389813,2478,Inactive,0
13489,17389814,300,Inactive,0
13497,17389815,4173,Inactive,0
13505,17389816,667493,Inactive,0
13513,17389817,11910,Inactive,0
13521,17389818,7059,Inactive,0
13529,17389819,9280,Inactive,0
1353,26757359,16682746,Active,0
13537,17389820,7055,Inactive,0
13545,17389821,7002,Inactive,0
13553,17389823,6344,Inactive,0
13561,17389824,7543,Inactive,0
13569,17389825,4130,Inactive,0
13577,17389828,4156,Inactive,0
13585,17389829,6658,Inactive,0
13593,17389830,15413,Inactive,0
13601,17389831,4114,Inactive,0
13609,17389832,9015,Inactive,0
1361,26757669,1730,Active,0
13617,17389836,697993,Inactive,0
13625,17389838,21954,Inactive,0
13633,17389839,4004,Inactive,0
13641,17389840,15415,Inactive,0
13649,17389842,9903,Inactive,0
13657,17389845,637796,Inactive,0
13665,17389846,3776,Inactive,0
13673,17389847,6557,Inactive,0
13681,17389848,3767,Inactive,0
13689,17389849,10958,Inactive,0
1369,26757080,6917655,Active,0
13697,17389850,6374,Inactive,0
137,17389717,5455,Active,0
13705,17389851,3715,Inactive,0
13713,17389854,3639,Inactive,0
13721,17389855,31222,Inactive,0
13729,17389856,4943,Inactive,0
13737,17389857,12332,Inactive,0
13745,17389859,6214,Inactive,0
13753,17389862,8127,Inactive,0
13761,17389863,3589,Inactive,0
13769,17389866,11164,Inactive,0
1377,17389228,80642,Active,0
13777,17389867,753,Inactive,0
13785,17389868,6466,Inactive,0
13793,17389870,3463,Inactive,0
13801,17389872,3440,Inactive,0
13809,17389873,7362,Inactive,0
13817,17389874,8029,Inactive,0
13825,17389876,16562,Inactive,0
13833,17389879,3314,Inactive,0
13841,17389880,2758,Inactive,0
13849,17389881,8343,Inactive,0
1385,17389467,10868,Active,0
13857,17389882,7641,Inactive,0
13865,17389883,7720,Inactive,0
13873,17389884,7833,Inactive,0
13881,17389885,2723650,Inactive,0
13889,17389886,174,Inactive,0
13897,17389887,7500,Inactive,0
13905,17389888,12967,Inactive,0
13913,17389890,6295,Inactive,0
13921,17389891,7748,Inactive,0
13929,17389894,3282,Inactive,0
1393,17389075,83511,Active,0
13937,17389895,2761171,Inactive,0
13945,17389899,7834,Inactive,0
13953,17389900,7835,Inactive,0
13961,17389902,2724564,Inactive,0
13969,17389903,1775,Inactive,0
13977,17389905,11813,Inactive,0
13985,17389906,1493,Inactive,0
13993,17389907,10555,Inactive,0
14001,17389908,6228,Inactive,0
14009,17389911,949,Inactive,0
1401,17389244,9147,Active,0
14017,17389912,6009,Inactive,0
14025,17389914,7069,Inactive,0
14033,17389915,5284385,Inactive,0
14041,17389916,13232,Inactive,0
14049,17389917,660,Inactive,0
14057,17389918,2735009,Inactive,0
14065,17389919,448537,Inactive,0
14073,17389920,8117,Inactive,0
14081,17389921,2730,Inactive,0
14089,17389923,727200,Inactive,0
1409,17389552,2078,Active,0
14097,17389924,8268,Inactive,0
14113,17389926,6564,Inactive,0
14121,17389927,7206,Inactive,0
14129,17389928,1486,Inactive,0
14137,17389929,8449,Inactive,0
14145,17389930,11,Inactive,0
14153,17389931,6365,Inactive,0
14161,17389934,7239,Inactive,0
14169,17389935,6597,Inactive,0
1417,17389878,23668198,Active,0
14177,17389936,11860,Inactive,0
14185,17389937,7430,Inactive,0
14193,17389938,5284381,Inactive,0
14201,17389939,7839,Inactive,0
14209,17389940,7280,Inactive,0
14217,17389941,5889,Inactive,0
14225,17389942,3017,Inactive,0
14233,17389943,7261,Inactive,0
14241,17389944,8560,Inactive,0
14249,17389945,5743,Inactive,0
1425,17389996,1548943,Active,0
14257,17389947,3035,Inactive,0
14265,17389949,4211,Inactive,0
14273,17389950,2955,Inactive,0
14281,17389951,15331,Inactive,0
14289,17389952,135398738,Inactive,0
14297,17389954,7967,Inactive,0
14305,17389955,444041,Inactive,0
14313,17389956,135465076,Inactive,0
14321,17389957,8445,Inactive,0
14329,17389958,7610,Inactive,0
14337,17389959,323,Inactive,0
14345,17389961,311,Inactive,0
14353,17389962,2756,Inactive,0
14361,17389964,14012,Inactive,0
14369,17389965,2727,Inactive,0
14377,17389966,5284366,Inactive,0
14385,17389967,6423,Inactive,0
14393,17389968,8800,Inactive,0
14401,17389969,23392,Inactive,0
14409,17389970,6212,Inactive,0
1441,50113100,6436605,Active,0
14417,17389971,31296,Inactive,0
14425,17389972,7964,Inactive,0
14433,17389973,7812,Inactive,0
14441,17389977,7255,Inactive,0
14449,17389979,7263,Inactive,0
14457,17389980,7474,Inactive,0
14465,17389981,6945,Inactive,0
14473,17389983,8266,Inactive,0
14481,17389987,8630,Inactive,0
14489,17389989,16724,Inactive,0
1449,50113102,91756,Active,0
14497,17389990,5943,Inactive,0
145,26757331,9576412,Active,0
14505,17389991,6854,Inactive,0
14513,17389992,6129,Inactive,0
14521,17389993,8480,Inactive,0
14529,17389994,11236,Inactive,0
14537,17389997,2519,Inactive,0
14545,17389999,18303,Inactive,0
14553,17390000,16043,Inactive,0
14561,17390001,31404,Inactive,0
14569,17390002,7184,Inactive,0
1457,144204445,35370,Active,0
14577,17390003,8005,Inactive,0
14585,17390004,2347,Inactive,0
14593,17390006,6332,Inactive,0
14601,17390007,6359,Inactive,0
14609,17390008,7628,Inactive,0
14617,17390010,6623,Inactive,0
14625,17390011,8115,Inactive,0
14633,17390013,8425,Inactive,0
14641,17390014,7503,Inactive,0
14649,17390015,244,Inactive,0
1465,17388860,10313,Active,0
14657,17390016,8785,Inactive,0
14665,17390017,7367,Inactive,0
14673,17390018,7220,Inactive,0
14681,17390019,8447,Inactive,0
14689,17390021,8400,Inactive,0
14697,17390022,243,Inactive,0
14705,17390023,9223,Inactive,0
14713,17390024,7111,Inactive,0
14721,17390025,241,Inactive,0
14729,17390026,240,Inactive,0
1473,26752784,1988,Active,0
14745,17390028,2272,Inactive,0
14753,17390030,33557,Inactive,0
14761,17390032,65114,Inactive,0
14769,17390035,2256,Inactive,0
14777,17390036,2244,Inactive,0
14785,17390037,134601,Inactive,0
14793,17390038,54670067,Inactive,0
14801,17390040,2734956,Inactive,0
14809,17390041,6115,Inactive,0
14817,17390042,7541,Inactive,0
14825,17390043,1549040,Inactive,0
14833,17390044,23565,Inactive,0
14841,17390045,7102,Inactive,0
14849,17390046,7340,Inactive,0
14857,17390048,8486,Inactive,0
14865,17390049,3417419,Inactive,0
14873,17390050,4984721,Inactive,0
14881,17390051,3613389,Inactive,0
14889,17390052,6702,Inactive,0
1489,17389456,17046,Active,0
14897,17390053,28207,Inactive,0
14905,17390054,5971,Inactive,0
14913,17390055,7838,Inactive,0
14921,17390056,7850,Inactive,0
14929,17390057,7858,Inactive,0
14937,17390059,9570071,Inactive,0
14945,17390060,12364,Inactive,0
14953,17390062,7855,Inactive,0
14961,17390063,6579,Inactive,0
14969,17390064,7847,Inactive,0
1497,17389826,31426,Active,0
14977,17390066,6342,Inactive,0
14985,17390067,1989,Inactive,0
14993,17390068,1983,Inactive,0
15001,17390069,177,Inactive,0
15009,26751442,8593,Inactive,0
15033,26751455,31307,Inactive,0
1505,17389827,135436526,Active,0
15057,26751472,460129,Inactive,0
15073,26751493,4044,Inactive,0
15081,26751501,3969,Inactive,0
15121,26751535,3371,Inactive,0
15129,26751536,18283,Inactive,0
1513,17389932,642197,Active,0
15137,26751547,39042,Inactive,0
15145,26751551,1986,Inactive,0
15153,26751553,5383,Inactive,0
15161,26751555,5281707,Inactive,0
15169,26751562,5870,Inactive,0
15177,26751568,5503,Inactive,0
15209,26751583,222786,Inactive,0
1521,26757711,28936,Active,0
15225,26751592,5429,Inactive,0
15233,26751624,8980,Inactive,0
15241,26751823,5426,Inactive,0
15249,26751877,2126,Inactive,0
15257,26751881,5289501,Inactive,0
15265,26751908,2797,Inactive,0
15273,26751983,1727,Inactive,0
15281,26752190,5040063,Inactive,0
15289,26752211,644213,Inactive,0
1529,144204544,12901,Active,0
15297,26752228,16219422,Inactive,0
153,26757382,26710,Active,0
15305,26752230,3392731,Inactive,0
15321,26752241,5807,Inactive,0
15329,26752270,7204,Inactive,0
15345,26752295,7064,Inactive,0
15361,26752302,41368,Inactive,0
15369,26752303,2576,Inactive,0
1537,144204952,5453,Active,0
15377,26752317,11224,Inactive,0
15385,26752326,3672,Inactive,0
15393,26752327,5853,Inactive,0
15409,26752736,2537,Inactive,0
15433,26752740,5283349,Inactive,0
15441,26752741,22833331,Inactive,0
1545,17388715,61207,Active,0
1553,17388880,7472,Active,0
15537,26752761,9568700,Inactive,0
15545,26752762,5963,Inactive,0
15553,26752763,8041,Inactive,0
15561,26752765,896,Inactive,0
15569,26752766,11074431,Inactive,0
15577,26752767,31236,Inactive,0
15593,26752769,7422,Inactive,0
15601,26752770,11167,Inactive,0
1561,17389060,12433,Active,0
15625,26752773,31368,Inactive,0
15633,26752775,12251,Inactive,0
15649,26752791,8561,Inactive,0
15665,26752794,20393,Inactive,0
15689,26752799,8559,Inactive,0
15737,26752812,9158,Inactive,0
1577,17389287,7607,Active,0
15785,26752822,8413,Inactive,0
15793,26752824,9153,Inactive,0
15801,26752825,864,Inactive,0
15809,26752826,6914,Inactive,0
15825,26752831,8479,Inactive,0
1585,17389861,6901,Active,0
15873,26752838,62311,Inactive,0
15881,26752839,16316,Inactive,0
15889,26752842,31423,Inactive,0
15897,26752843,6537506,Inactive,0
15905,26752844,1752,Inactive,0
15913,26752846,7954,Inactive,0
1593,17389896,5991,Active,0
15937,26752855,15158,Inactive,0
15969,26752860,13521,Inactive,0
15977,26752861,15730,Inactive,0
15985,26752863,7369,Inactive,0
1601,17389998,24633,Active,0
16017,26752867,9154,Inactive,0
16025,26752868,7798,Inactive,0
16057,26752875,36242,Inactive,0
16065,26752880,228987,Inactive,0
16089,26752893,7570,Inactive,0
1609,26752881,9552079,Active,0
16161,26752908,8679,Inactive,0
1617,26753113,7586,Active,0
16177,26752912,5869600,Inactive,0
1625,26753570,446849,Active,0
16273,26752925,32793,Inactive,0
16281,26752926,7455,Inactive,0
16289,26752927,995,Inactive,0
16329,26752935,15294,Inactive,0
1633,26753702,4931,Active,0
16401,26752949,25644,Inactive,0
1641,26757120,3032581,Active,0
16449,26752957,24860540,Inactive,0
16489,26752963,6978,Inactive,0
1649,26757292,31356,Active,0
16497,26752964,8326,Inactive,0
16505,26752965,5569,Inactive,0
16545,26752970,15965,Inactive,0
16561,26752974,7013,Inactive,0
1657,50113098,13754,Active,0
16577,26752978,8842,Inactive,0
16601,26752983,11855,Inactive,0
1665,144203881,5995,Active,0
16665,26752994,1549026,Inactive,0
16681,26753000,15630,Inactive,0
16689,26753001,8363,Inactive,0
16697,26753002,11437688,Inactive,0
16721,26753007,6269,Inactive,0
16729,26753009,16653,Inactive,0
1673,144204489,2733525,Active,0
16761,26753018,12329,Inactive,0
16777,26753022,7127,Inactive,0
16793,26753024,7381,Inactive,0
1681,144204503,55245,Active,0
16849,26753038,8497,Inactive,0
16865,26753047,7499,Inactive,0
16873,26753048,3220,Inactive,0
16889,26753052,7048670,Inactive,0
1689,144204556,3054,Active,0
16897,26753053,6478,Inactive,0
169,17389199,443939,Active,0
16905,26753054,638011,Inactive,0
16913,26753055,7048,Inactive,0
16921,26753056,8689,Inactive,0
16929,26753058,7540,Inactive,0
16945,26753062,7592,Inactive,0
16985,26753069,6535,Inactive,0
17009,26753072,8341,Inactive,0
17025,26753076,7489,Inactive,0
17041,26753078,3346,Inactive,0
17049,26753079,7092,Inactive,0
1705,144205672,5591,Active,0
17057,26753080,8419,Inactive,0
17089,26753086,12443,Inactive,0
17097,26753087,15660,Inactive,0
17121,26753090,11769,Inactive,0
17129,26753091,6549,Inactive,0
1713,144207080,4947,Active,0
17153,26753094,7394,Inactive,0
17161,26753095,7375,Inactive,0
17169,26753096,22420,Inactive,0
17177,26753097,169132,Inactive,0
17185,26753098,6629,Inactive,0
17193,26753100,3672772,Inactive,0
1721,17388675,5590,Active,0
17249,26753111,11966,Inactive,0
17257,26753112,14236,Inactive,0
17265,26753114,6641,Inactive,0
17273,26753116,31070,Inactive,0
17281,26753117,7095,Inactive,0
17289,26753118,7961,Inactive,0
1729,17388741,60934,Active,0
17305,26753120,9128,Inactive,0
17337,26753126,44134379,Inactive,0
17353,26753129,12968,Inactive,0
17369,26753132,31200,Inactive,0
1737,17388747,1057,Active,0
17377,26753244,9934458,Inactive,0
17385,26753347,16211347,Inactive,0
17393,26753349,7389,Inactive,0
17401,26753510,2266,Inactive,0
17409,26753544,2796,Inactive,0
17417,26753572,5983,Inactive,0
17425,26753582,23615703,Inactive,0
17433,26753592,6603901,Inactive,0
17441,26753644,5282379,Inactive,0
17449,26753658,114924,Inactive,0
1745,17388759,15286,Active,0
17457,26753663,5382,Inactive,0
17465,26753670,2998,Inactive,0
17473,26753683,4618,Inactive,0
17481,26753684,3082,Inactive,0
17497,26753687,4096,Inactive,0
17513,26753689,2943,Inactive,0
17521,26753690,4937,Inactive,0
17529,26753691,4933,Inactive,0
1753,17388760,5994,Active,0
17537,26753692,5216,Inactive,0
17545,26753693,3120,Inactive,0
17553,26753694,3030,Inactive,0
17561,26753695,2319,Inactive,0
17569,26753696,4928,Inactive,0
17577,26753697,3031,Inactive,0
17585,26753698,2328,Inactive,0
17593,26753699,1489,Inactive,0
17601,26753700,1480,Inactive,0
17609,26753701,2728,Inactive,0
1761,17388769,8502,Active,0
17617,26753703,2314,Inactive,0
17625,26753704,4944,Inactive,0
17633,26753706,2513,Inactive,0
17641,26753710,37123,Inactive,0
17649,26753718,2206,Inactive,0
17657,26753731,637566,Inactive,0
17665,26753740,6140,Inactive,0
17673,26753743,3365,Inactive,0
17681,26753764,445070,Inactive,0
17689,26753775,5284507,Inactive,0
17697,26753840,5920,Inactive,0
177,17389869,11057,Active,0
17705,26754322,441071,Inactive,0
17713,26754457,8364,Inactive,0
17721,26754462,12521030,Inactive,0
17729,26754464,342,Inactive,0
17745,26754466,2682,Inactive,0
17753,26754467,8221,Inactive,0
17761,26754469,6989,Inactive,0
17769,26754470,7456,Inactive,0
1777,17388836,14906,Active,0
17777,26754471,7393,Inactive,0
17785,26754472,7187,Inactive,0
17793,26754473,1254,Inactive,0
17801,26754474,727,Inactive,0
17825,26754480,40159,Inactive,0
17833,26754481,40326,Inactive,0
1785,17388838,6921,Active,0
17857,26754489,54678486,Inactive,0
17865,26754492,8456,Inactive,0
17873,26754496,7618,Inactive,0
17881,26754502,5634,Inactive,0
17889,26754509,6049,Inactive,0
17897,26754608,7542,Inactive,0
17905,26754616,2912,Inactive,0
17913,26754620,47326,Inactive,0
17921,26754621,33360,Inactive,0
17929,26754622,9502,Inactive,0
1793,17388857,10236,Active,0
17937,26754627,54738,Inactive,0
17945,26754630,7158,Inactive,0
17953,26754632,22206,Inactive,0
17961,26754633,9570093,Inactive,0
17969,26754635,18752,Inactive,0
17985,26754637,8434,Inactive,0
17993,26754638,8427,Inactive,0
18001,26755466,5284498,Inactive,0
18009,26757085,31645,Inactive,0
1801,17388876,10843,Active,0
18017,26757087,9570290,Inactive,0
18025,26757089,92425,Inactive,0
18033,26757090,8305,Inactive,0
18041,26757091,9555,Inactive,0
18057,26757093,21803,Inactive,0
18065,26757094,21804,Inactive,0
18073,26757101,11784975,Inactive,0
18081,26757102,91739,Inactive,0
18089,26757105,33256,Inactive,0
1809,17388931,6279,Active,0
18097,26757106,23681559,Inactive,0
18105,26757107,27982,Inactive,0
18121,26757109,5281874,Inactive,0
18129,26757110,8686,Inactive,0
18137,26757114,86210,Inactive,0
18145,26757116,29216,Inactive,0
18153,26757118,3032297,Inactive,0
18169,26757121,91742,Inactive,0
1817,17388955,299,Active,0
18177,26757124,44134381,Inactive,0
18185,26757125,5353758,Inactive,0
18193,26757126,213013,Inactive,0
18201,26757127,86287518,Inactive,0
18209,26757128,35823,Inactive,0
18217,26757129,14626249,Inactive,0
18225,26757130,3033674,Inactive,0
18233,26757134,22311,Inactive,0
18249,26757140,5281303,Inactive,0
1825,17388983,6450278,Active,0
18257,26757141,9477,Inactive,0
18265,26757147,16760146,Inactive,0
18273,26757148,42586,Inactive,0
18281,26757150,1982,Inactive,0
18289,26757151,6399255,Inactive,0
18297,26757152,16760147,Inactive,0
18305,26757153,54739,Inactive,0
18313,26757154,44134384,Inactive,0
18321,26757156,6537503,Inactive,0
1833,17388984,6439929,Active,0
18337,26757159,5365075,Inactive,0
18345,26757160,8174,Inactive,0
18361,26757163,13878,Inactive,0
18377,26757165,8019,Inactive,0
18393,26757167,27189,Inactive,0
18401,26757169,22563,Inactive,0
1841,17388997,3397,Active,0
18417,26757171,8134,Inactive,0
18433,26757173,86287520,Inactive,0
18441,26757175,3289,Inactive,0
18449,26757179,13084212,Inactive,0
18457,26757182,153909,Inactive,0
18465,26757186,176879,Inactive,0
18473,26757188,6125184,Inactive,0
18481,26757189,135665275,Inactive,0
18489,26757190,5053,Inactive,0
1849,17389004,5365543,Active,0
18497,26757191,13526,Inactive,0
18505,26757192,37517,Inactive,0
18513,26757194,15359,Inactive,0
18521,26757196,213031,Inactive,0
18529,26757197,13633097,Inactive,0
18537,26757198,17516,Inactive,0
18545,26757199,73670,Inactive,0
18553,26757201,22544,Inactive,0
18561,26757202,5889665,Inactive,0
18569,26757203,8172,Inactive,0
1857,17389010,6371716,Active,0
18585,26757205,155909,Inactive,0
18593,26757206,16247,Inactive,0
18601,26757208,7555,Inactive,0
18609,26757209,47866,Inactive,0
18617,26757210,15390532,Inactive,0
18625,26757211,50465,Inactive,0
18633,26757212,185588,Inactive,0
18641,26757213,16181,Inactive,0
18649,26757214,16774,Inactive,0
1865,17389016,3278,Active,0
18657,26757216,590836,Inactive,0
18665,26757217,91763,Inactive,0
18673,26757218,17581,Inactive,0
18681,26757220,1711973,Inactive,0
18689,26757223,5355863,Inactive,0
18697,26757226,39040,Inactive,0
18705,26757228,21210,Inactive,0
18713,26757229,13263,Inactive,0
18721,26757231,197956,Inactive,0
18729,26757232,91779,Inactive,0
1873,17389017,6537504,Active,0
18737,26757233,24723,Inactive,0
18745,26757237,155907,Inactive,0
18753,26757238,5371560,Inactive,0
18761,26757239,7153,Inactive,0
18769,26757241,91751,Inactive,0
18777,26757242,15553,Inactive,0
18785,26757243,12881581,Inactive,0
18793,26757245,91759,Inactive,0
18801,26757246,155906,Inactive,0
18809,26757247,15786053,Inactive,0
1881,17389041,10660,Active,0
18817,26757248,3081304,Inactive,0
18825,26757250,33775,Inactive,0
18833,26757252,175967,Inactive,0
18841,26757253,15531,Inactive,0
18849,26757254,13543,Inactive,0
18857,26757258,33443,Inactive,0
18865,26757259,11097730,Inactive,0
18873,26757261,23669238,Inactive,0
18881,26757262,21805,Inactive,0
18889,26757264,17432,Inactive,0
1889,17389107,10208,Active,0
18897,26757265,39985,Inactive,0
18905,26757266,30479,Inactive,0
18913,26757267,17242,Inactive,0
18921,26757268,36027,Inactive,0
18929,26757269,2776282,Inactive,0
18937,26757270,210326,Inactive,0
18945,26757271,101525,Inactive,0
18953,26757273,75780,Inactive,0
18961,26757275,22188,Inactive,0
18969,26757278,86369,Inactive,0
1897,17389141,2286,Active,0
18977,26757279,5371562,Inactive,0
18985,26757280,18831,Inactive,0
19009,26757283,213012,Inactive,0
19017,26757285,14671598,Inactive,0
19025,26757286,15575641,Inactive,0
19033,26757287,12873567,Inactive,0
19041,26757288,36028,Inactive,0
19049,26757289,91781,Inactive,0
1905,17389149,12456,Active,0
19057,26757290,9834513,Inactive,0
19065,26757293,213021,Inactive,0
19073,26757294,34766,Inactive,0
19081,26757295,7560,Inactive,0
19089,26757297,6453365,Inactive,0
19097,26757298,9298,Inactive,0
19105,26757299,44073,Inactive,0
19113,26757300,30773,Inactive,0
19121,26757301,4790,Inactive,0
1913,17389152,10867,Active,0
19145,26757304,71245,Inactive,0
19153,26757305,8292,Inactive,0
19161,26757306,41381,Inactive,0
19169,26757310,16248,Inactive,0
19177,26757311,11348842,Inactive,0
19185,26757312,93516,Inactive,0
19193,26757313,67821,Inactive,0
19209,26757317,23675274,Inactive,0
19225,26757320,13708,Inactive,0
19233,26757321,10693,Inactive,0
19241,26757322,11150163,Inactive,0
19249,26757323,51556,Inactive,0
19257,26757325,5392,Inactive,0
19265,26757326,91757,Inactive,0
19273,26757327,91752,Inactive,0
19281,26757328,23678874,Inactive,0
1929,17389174,6537493,Active,0
19297,26757334,107199,Inactive,0
193,26757728,91754,Active,0
19305,26757335,43704,Inactive,0
19313,26757336,125098,Inactive,0
19321,26757337,13905,Inactive,0
19329,26757338,135491728,Inactive,0
19337,26757339,54778,Inactive,0
19345,26757340,34526,Inactive,0
19353,26757341,581984,Inactive,0
19361,26757342,71482,Inactive,0
19369,26757343,41428,Inactive,0
1937,17389178,24639,Active,0
19377,26757345,41909,Inactive,0
19385,26757346,135492483,Inactive,0
19393,26757347,9411,Inactive,0
19401,26757348,16760156,Inactive,0
19409,26757349,7034,Inactive,0
19417,26757350,177355,Inactive,0
19425,26757352,181987,Inactive,0
19433,26757353,16116,Inactive,0
19441,26757355,5485188,Inactive,0
19449,26757356,54680085,Inactive,0
1945,17389200,6537491,Active,0
19457,26757358,38479,Inactive,0
19473,26757361,32184,Inactive,0
19481,26757362,91753,Inactive,0
19489,26757363,86287519,Inactive,0
19497,26757365,27975,Inactive,0
19505,26757367,9453,Inactive,0
19513,26757368,105010,Inactive,0
19521,26757369,5372405,Inactive,0
19529,26757372,86137,Inactive,0
19537,26757374,135585373,Inactive,0
19545,26757375,679,Inactive,0
19553,26757376,32241,Inactive,0
19561,26757378,39676,Inactive,0
19569,26757380,86132,Inactive,0
19577,26757381,23670745,Inactive,0
19585,26757383,6734,Inactive,0
19593,26757384,9161,Inactive,0
19601,26757385,8160,Inactive,0
19609,26757386,65360,Inactive,0
19617,26757387,7355,Inactive,0
19625,26757388,17083,Inactive,0
19633,26757389,8418,Inactive,0
19641,26757390,8698,Inactive,0
19649,26757391,9117,Inactive,0
19657,26757392,11107,Inactive,0
19665,26757393,9275,Inactive,0
19673,26757394,8050,Inactive,0
19681,26757395,8091,Inactive,0
19689,26757396,18732,Inactive,0
1969,17389223,6035,Active,0
19697,26757397,13246,Inactive,0
19705,26757398,10913,Inactive,0
19713,26757399,8165,Inactive,0
19721,26757400,15787,Inactive,0
19729,26757401,7804,Inactive,0
19737,26757402,11844,Inactive,0
19745,26757403,9171,Inactive,0
19753,26757405,15530,Inactive,0
19761,26757406,12573,Inactive,0
19769,26757407,8368,Inactive,0
1977,17389233,230976,Active,0
19777,26757408,969491,Inactive,0
19785,26757409,9274,Inactive,0
19793,26757410,11304,Inactive,0
19801,26757411,6627,Inactive,0
19809,26757412,12736,Inactive,0
19817,26757413,15533,Inactive,0
19825,26757414,24743,Inactive,0
19833,26757415,24685,Inactive,0
19849,26757417,2724048,Inactive,0
1985,17389252,6128,Active,0
19857,26757418,8294,Inactive,0
19865,26757419,21277,Inactive,0
19873,26757420,8163,Inactive,0
19881,26757421,84098,Inactive,0
19889,26757422,23676814,Inactive,0
19897,26757423,6544,Inactive,0
19905,26757424,7104,Inactive,0
19913,26757425,5282108,Inactive,0
19921,26757426,8359,Inactive,0
19929,26757427,8496,Inactive,0
1993,17389253,22586,Active,0
19937,26757428,7451,Inactive,0
19945,26757429,10457,Inactive,0
19953,26757430,5271569,Inactive,0
19961,26757431,7955,Inactive,0
19969,26757433,31292,Inactive,0
19977,26757434,8189,Inactive,0
19985,26757435,31215,Inactive,0
19993,26757436,8207,Inactive,0
20001,26757437,31355,Inactive,0
20009,26757438,10708,Inactive,0
20017,26757439,11089,Inactive,0
20025,26757440,67284,Inactive,0
20033,26757441,8184,Inactive,0
20041,26757442,7714,Inactive,0
20049,26757443,6730,Inactive,0
20057,26757444,8492,Inactive,0
20065,26757445,7492,Inactive,0
20073,26757446,6626,Inactive,0
20081,26757447,13271,Inactive,0
20089,26757448,13297,Inactive,0
2009,17389299,16918,Active,0
20097,26757449,18137,Inactive,0
201,26757843,16682730,Active,0
20105,26757450,8289,Inactive,0
20113,26757452,6905,Inactive,0
20121,26757453,31337,Inactive,0
20129,26757454,6506,Inactive,0
20137,26757455,8200,Inactive,0
20145,26757456,31237,Inactive,0
20153,26757457,31238,Inactive,0
20161,26757458,7450,Inactive,0
20169,26757459,10738,Inactive,0
2017,17389369,15008,Active,0
20177,26757460,16305,Inactive,0
20185,26757461,17857,Inactive,0
20193,26757462,7488,Inactive,0
20201,26757463,12532,Inactive,0
20209,26757465,6327349,Inactive,0
20217,26757466,7486,Inactive,0
20225,26757467,10707,Inactive,0
20233,26757468,6861,Inactive,0
20241,26757470,3437714,Inactive,0
20249,26757471,8187,Inactive,0
20257,26757472,16264,Inactive,0
20265,26757473,12002,Inactive,0
20273,26757475,7453,Inactive,0
20281,26757476,7311,Inactive,0
20289,26757477,16584,Inactive,0
20297,26757479,7713,Inactive,0
20305,26757480,18529,Inactive,0
20313,26757481,7254,Inactive,0
20321,26757483,7403,Inactive,0
20329,26757485,79103,Inactive,0
2033,17389423,7329,Active,0
20337,26757486,6479,Inactive,0
20345,26757487,520196,Inactive,0
20353,26757489,14025,Inactive,0
20361,26757490,17235,Inactive,0
20369,26757491,61221,Inactive,0
20377,26757492,8441,Inactive,0
20385,26757494,6051,Inactive,0
20393,26757495,77703,Inactive,0
20401,26757496,26295,Inactive,0
20409,26757497,15088,Inactive,0
20417,26757498,11906,Inactive,0
20425,26757499,21531,Inactive,0
20433,26757500,18386,Inactive,0
20441,26757501,17047,Inactive,0
20449,26757502,110612,Inactive,0
20457,26757504,7198,Inactive,0
20465,26757507,6934,Inactive,0
20473,26757509,93162,Inactive,0
20481,26757510,36382,Inactive,0
20489,26757511,638081,Inactive,0
2049,17389511,5280443,Active,0
20497,26757514,17869,Inactive,0
20505,26757515,10914,Inactive,0
20513,26757516,11169,Inactive,0
20521,26757517,24705,Inactive,0
20529,26757518,9481,Inactive,0
20537,26757519,568,Inactive,0
20545,26757520,8049,Inactive,0
20553,26757522,4128060,Inactive,0
20561,26757523,18689,Inactive,0
20569,26757524,5364495,Inactive,0
20577,26757525,62783,Inactive,0
20585,26757526,6649,Inactive,0
20593,26757528,66598,Inactive,0
20601,26757529,24730,Inactive,0
20609,26757530,7115,Inactive,0
20617,26757531,73864,Inactive,0
20625,26757532,70837,Inactive,0
20633,26757533,7979,Inactive,0
20641,26757534,643820,Inactive,0
20649,26757535,31335,Inactive,0
20657,26757536,31362,Inactive,0
20665,26757538,8168,Inactive,0
20673,26757539,5283292,Inactive,0
20681,26757540,12955,Inactive,0
20689,26757541,101940,Inactive,0
20697,26757546,7710,Inactive,0
20705,26757547,62823,Inactive,0
20713,26757548,76191,Inactive,0
20721,26757549,11006,Inactive,0
20729,26757550,8199,Inactive,0
2073,17389542,2788,Active,0
20737,26757551,15793,Inactive,0
20745,26757552,8179,Inactive,0
20753,26757553,13286,Inactive,0
20761,26757554,8178,Inactive,0
20769,26757555,6163,Inactive,0
20777,26757557,23673837,Inactive,0
20785,26757558,13583,Inactive,0
20793,26757560,14770,Inactive,0
20801,26757561,14126,Inactive,0
20809,26757562,15278,Inactive,0
2081,17389657,69026,Active,0
20817,26757563,36081,Inactive,0
20825,26757564,88069,Inactive,0
20833,26757565,78276,Inactive,0
20841,26757566,8437,Inactive,0
20849,26757567,75819,Inactive,0
20857,26757569,7026,Inactive,0
20865,26757570,66094,Inactive,0
20873,26757573,6545,Inactive,0
20881,26757575,93419,Inactive,0
20889,26757576,113033,Inactive,0
20897,26757578,16684880,Inactive,0
20905,26757579,31298,Inactive,0
20913,26757580,16949,Inactive,0
20921,26757581,11074,Inactive,0
20929,26757582,78738,Inactive,0
20937,26757583,39485,Inactive,0
20945,26757584,17719,Inactive,0
20953,26757585,69779,Inactive,0
20961,26757586,12397,Inactive,0
20969,26757587,6966,Inactive,0
2097,17389703,5546,Active,0
20977,26757588,79302,Inactive,0
20985,26757590,15797,Inactive,0
20993,26757591,78045,Inactive,0
21001,26757592,13192,Inactive,0
21009,26757593,94377,Inactive,0
21017,26757594,8836,Inactive,0
21025,26757595,33263,Inactive,0
21033,26757597,165746,Inactive,0
21041,26757598,9006,Inactive,0
21049,26757600,17721,Inactive,0
2105,17389704,5284469,Active,0
21057,26757601,70400,Inactive,0
21065,26757602,12391,Inactive,0
21073,26757604,22833321,Inactive,0
21081,26757605,19284,Inactive,0
21089,26757606,17730,Inactive,0
21097,26757607,5365125,Inactive,0
21105,26757608,162071,Inactive,0
21113,26757610,7185,Inactive,0
21121,26757611,23284,Inactive,0
21129,26757612,22932,Inactive,0
2113,17389712,2406,Active,0
21137,26757613,34306,Inactive,0
21145,26757614,112412,Inactive,0
21153,26757616,22833,Inactive,0
21161,26757617,7154,Inactive,0
21169,26757618,222464,Inactive,0
21177,26757619,7635,Inactive,0
21185,26757621,7395,Inactive,0
21193,26757622,31243,Inactive,0
21201,26757624,8190,Inactive,0
21209,26757625,101560,Inactive,0
21217,26757626,23665719,Inactive,0
21225,26757627,18204,Inactive,0
21233,26757629,7078,Inactive,0
21241,26757630,7565,Inactive,0
21249,26757631,19241,Inactive,0
21257,26757632,7391,Inactive,0
21265,26757633,6937,Inactive,0
21273,26757635,17304,Inactive,0
21281,26757636,77781,Inactive,0
21289,26757637,31352,Inactive,0
2129,17389725,11289,Active,0
21297,26757638,8652,Inactive,0
21305,26757640,11831,Inactive,0
21313,26757642,67000,Inactive,0
21321,26757644,41690,Inactive,0
21329,26757646,75518,Inactive,0
21337,26757647,12902,Inactive,0
21345,26757648,15098,Inactive,0
21353,26757649,17092,Inactive,0
21361,26757650,5371102,Inactive,0
21369,26757652,8177,Inactive,0
2137,17389728,7216,Active,0
21377,26757653,5839,Inactive,0
21385,26757655,15659,Inactive,0
21393,26757658,6547,Inactive,0
21401,26757659,5954,Inactive,0
21409,26757664,16666,Inactive,0
21417,26757666,9993,Inactive,0
21425,26757668,82145,Inactive,0
21433,26757670,21868242,Inactive,0
21441,26757671,26229,Inactive,0
21449,26757672,2724691,Inactive,0
2145,17389741,638034,Active,0
21457,26757674,15595,Inactive,0
21465,26757676,31288,Inactive,0
21473,26757679,21202,Inactive,0
21481,26757683,93539,Inactive,0
21489,26757684,47491,Inactive,0
21497,26757685,5364079,Inactive,0
21505,26757687,91727,Inactive,0
21513,26757689,53735,Inactive,0
21521,26757690,31405,Inactive,0
21529,26757691,7881,Inactive,0
2153,17389768,13266,Active,0
21537,26757692,32872,Inactive,0
21545,26757694,9395,Inactive,0
21553,26757695,14215,Inactive,0
21561,26757696,7873,Inactive,0
21569,26757697,91664,Inactive,0
21585,26757700,23667639,Inactive,0
21593,26757703,54960,Inactive,0
21601,26757704,23676752,Inactive,0
21609,26757706,16221,Inactive,0
21617,26757707,8211,Inactive,0
21625,26757708,1787910,Inactive,0
21633,26757709,8183,Inactive,0
21641,26757710,29249,Inactive,0
21649,26757712,15546,Inactive,0
21657,26757714,43079,Inactive,0
21665,26757715,8617,Inactive,0
21673,26757716,38779,Inactive,0
21681,26757717,26124,Inactive,0
21689,26757718,13450,Inactive,0
2169,17389844,5280863,Active,0
21697,26757719,34192,Inactive,0
21705,26757720,33565,Inactive,0
21713,26757721,16003,Inactive,0
21721,26757724,50896,Inactive,0
21729,26757725,73674,Inactive,0
21737,26757726,91650,Inactive,0
21745,26757727,73671,Inactive,0
21753,26757729,9576037,Inactive,0
21761,26757730,92431,Inactive,0
21769,26757731,31284,Inactive,0
21777,26757732,92434,Inactive,0
21785,26757734,86160,Inactive,0
21793,26757735,23665706,Inactive,0
21801,26757736,6019,Inactive,0
21809,26757737,13930,Inactive,0
21817,26757739,12679,Inactive,0
21833,26757742,23668817,Inactive,0
21841,26757743,5284421,Inactive,0
21849,26757744,81811,Inactive,0
2185,17389864,320930,Active,0
21857,26757745,16219651,Inactive,0
21865,26757746,23662383,Inactive,0
21873,26757747,8158,Inactive,0
21881,26757748,5356789,Inactive,0
21889,26757749,16015,Inactive,0
21897,26757750,23518,Inactive,0
21905,26757751,11799,Inactive,0
21913,26757753,111037,Inactive,0
21921,26757754,16217,Inactive,0
21929,26757756,8923,Inactive,0
2193,17389871,370,Active,0
21937,26757757,1188,Inactive,0
21945,26757758,7615,Inactive,0
21953,26757759,13522,Inactive,0
21961,26757760,8193,Inactive,0
21969,26757761,16698,Inactive,0
21977,26757762,7693,Inactive,0
21985,26757764,8209,Inactive,0
21993,26757765,38284,Inactive,0
22001,26757766,90571,Inactive,0
22009,26757768,17811,Inactive,0
2201,17389898,5757,Active,0
22017,26757769,7789,Inactive,0
22025,26757770,8360,Inactive,0
22033,26757771,21354,Inactive,0
22041,26757772,5780,Inactive,0
22049,26757774,7346,Inactive,0
22057,26757775,5364712,Inactive,0
22065,26757778,5364509,Inactive,0
22073,26757779,261491,Inactive,0
22081,26757780,5192,Inactive,0
22089,26757782,16682740,Inactive,0
2209,17389913,6053,Active,0
22097,26757783,62551,Inactive,0
22105,26757784,5284499,Inactive,0
22113,26757785,13838,Inactive,0
22121,26757787,7372,Inactive,0
22129,26757788,17318,Inactive,0
22137,26757789,17317,Inactive,0
22145,26757790,76262,Inactive,0
22153,26757791,14260,Inactive,0
22161,26757793,7622,Inactive,0
22169,26757796,24309,Inactive,0
2217,17389946,3036,Active,0
22177,26757799,11273,Inactive,0
22185,26757800,25572,Inactive,0
22193,26757805,67437,Inactive,0
22201,26757806,8840,Inactive,0
22209,26757808,88045,Inactive,0
22217,26757811,21859,Inactive,0
22225,26757814,5365642,Inactive,0
22233,26757815,5367650,Inactive,0
22241,26757817,246983,Inactive,0
22249,26757822,1549133,Inactive,0
2225,17389953,9880,Active,0
22257,26757823,6669,Inactive,0
22265,26757824,66347,Inactive,0
22273,26757825,69661,Inactive,0
22281,26757826,12713,Inactive,0
22289,26757827,8906,Inactive,0
22297,26757828,20803,Inactive,0
22305,26757832,34706,Inactive,0
22313,26757833,17816,Inactive,0
22321,26757834,31225,Inactive,0
22329,26757836,22833317,Inactive,0
2233,17389978,22584,Active,0
22337,26757837,24752,Inactive,0
22345,26757838,6490,Inactive,0
22353,26757839,9908833,Inactive,0
22361,26757840,441477,Inactive,0
22369,26757841,23287279,Inactive,0
22377,26757842,16700,Inactive,0
22385,26757845,29194,Inactive,0
22393,26757847,61460,Inactive,0
22401,26757849,656678,Inactive,0
22409,26757851,19518,Inactive,0
2241,17389982,53665,Active,0
22425,26757853,657302,Inactive,0
22433,26757854,9912,Inactive,0
22441,26757856,76302,Inactive,0
22449,26757857,20392,Inactive,0
22457,26757858,13022500,Inactive,0
22465,26757860,115224,Inactive,0
22473,26757861,24180709,Inactive,0
22481,26757867,9554,Inactive,0
22489,26757868,74483,Inactive,0
2249,17389984,8371,Active,0
22497,26757869,69785,Inactive,0
22505,26757870,69619,Inactive,0
22513,26757871,67542,Inactive,0
22529,26757874,62781,Inactive,0
22537,26757877,16760189,Inactive,0
22545,26757878,12056760,Inactive,0
22553,26757879,39965,Inactive,0
22569,26757883,182951,Inactive,0
2257,17390020,4650,Active,0
22577,26757885,77797,Inactive,0
22585,26757887,135491830,Inactive,0
22593,26757888,91745,Inactive,0
22601,26757889,23676736,Inactive,0
22609,26757891,18772439,Inactive,0
22633,50105559,54680691,Inactive,0
22657,50107261,4929,Inactive,0
22665,50107706,5125,Inactive,0
22673,50111561,162839,Inactive,0
22681,50113084,8693,Inactive,0
22689,50113086,86412,Inactive,0
22697,50113091,36565,Inactive,0
22705,50113094,9862076,Inactive,0
22713,50113095,14337,Inactive,0
22721,50113096,180089,Inactive,0
22729,50113105,47938,Inactive,0
2273,26751461,6731,Active,0
22737,50113106,3083546,Inactive,0
22745,50113107,443048,Inactive,0
22753,50113110,93542,Inactive,0
22761,50113112,11419598,Inactive,0
22769,50113113,31899,Inactive,0
22777,50113116,91770,Inactive,0
22785,50113117,54740,Inactive,0
22793,50113120,11409499,Inactive,0
22801,50113123,8575,Inactive,0
22809,50113124,86443,Inactive,0
22817,50113127,9868965,Inactive,0
22825,50113129,32154,Inactive,0
22833,50113132,53518,Inactive,0
22841,50113137,5543,Inactive,0
22849,50113139,73282,Inactive,0
22857,50113143,3034368,Inactive,0
22865,50126361,444795,Inactive,0
22889,50126365,3488,Inactive,0
2289,26751575,3559,Active,0
2297,26751626,11065,Active,0
2313,26752257,3503,Active,0
233,26753652,6758,Active,0
2337,26752852,10680,Active,0
2345,26752882,9562059,Active,0
2369,26753006,44134380,Active,0
2377,26753031,12309465,Active,0
2393,26753260,54900,Active,0
2401,26753686,4793,Active,0
2409,26753742,91741,Active,0
241,26757773,12540,Active,0
2417,26753773,4169,Active,0
2425,26754420,5816,Active,0
2433,26754461,5997,Active,0
2441,26754513,447912,Active,0
2449,26755327,68570,Active,0
2457,26755748,442530,Active,0
2465,26756892,3347,Active,0
2473,26757086,15106,Active,0
2489,26757098,73665,Active,0
25,17388943,2724411,Active,0
2505,26757122,21330,Active,0
2513,26757132,43234,Active,0
2521,26757139,5377791,Active,0
2529,26757155,86138,Active,0
2537,26757158,5281872,Active,0
2545,26757215,122087,Active,0
2553,26757219,153974,Active,0
2561,26757222,62829,Active,0
2569,26757225,16760153,Active,0
257,26754429,441207,Active,0
2577,26757234,9300,Active,0
2585,26757235,50367,Active,0
2601,26757256,198155,Active,0
2609,26757260,3286,Active,0
2617,26757291,17531,Active,0
2625,26757357,9828359,Active,0
2633,26757464,67215,Active,0
2641,26757544,8814,Active,0
2649,26757628,80037,Active,0
265,17388695,2734117,Active,0
2657,26757639,2771871,Active,0
2665,26757677,80296,Active,0
2673,26757702,8154,Active,0
2681,26757713,6327054,Active,0
2689,26757722,17169,Active,0
2697,26757792,6950,Active,0
2705,26757810,117746,Active,0
2713,26757876,62276,Active,0
2721,26757882,6440728,Active,0
2729,26757890,11442,Active,0
273,17388909,104827,Active,0
2737,50107237,2871,Active,0
2745,50113114,91758,Active,0
2753,50113119,39223,Active,0
2761,17388674,33133,Active,0
2785,17388744,135398743,Active,0
2793,17388746,445154,Active,0
2801,17388763,24502,Active,0
2809,17388802,403,Active,0
281,26753752,4696,Active,0
2817,17388816,7243,Active,0
2825,17388819,6944,Active,0
2833,17388842,5801,Active,0
2841,17388851,7483,Active,0
2849,17388854,7573,Active,0
2857,17388883,7120,Active,0
2865,17388884,6828,Active,0
2873,17388924,4115,Active,0
2881,17389020,68589,Active,0
2889,17389059,18617,Active,0
289,26757113,91731,Active,0
2897,17389100,2767,Active,0
2905,17389143,82917,Active,0
2929,17389218,6537489,Active,0
2937,17389286,7249,Active,0
2945,17389329,30541,Active,0
2953,17389387,637564,Active,0
2961,17389451,3378440,Active,0
2969,17389466,171660,Active,0
297,26757324,6327657,Active,0
2977,17389492,61179,Active,0
2985,17389494,5371084,Active,0
2993,17389526,5284626,Active,0
3001,17389543,14749,Active,0
3009,17389548,2391,Active,0
3017,17389636,6650,Active,0
3033,17389708,5284468,Active,0
3041,17389720,5284462,Active,0
3049,17389744,22960,Active,0
305,26757379,17038,Active,0
3057,17389822,7567,Active,0
3065,17389853,785,Active,0
3073,17389875,3385,Active,0
3081,17389910,6001,Active,0
3089,17389948,6294,Active,0
3097,17389985,5959,Active,0
3105,17389988,289,Active,0
3113,17390039,227,Active,0
3129,26751540,15032,Active,0
313,144204576,2724385,Active,0
3137,26752166,5694,Active,0
3145,26752242,4493,Active,0
3153,26752311,5284441,Active,0
3177,26754494,439260,Active,0
3185,26757146,91656,Active,0
3193,26757176,11488729,Active,0
3201,26757315,91699,Active,0
3209,26757373,10342051,Active,0
321,17388790,19042,Active,0
3217,26757505,19118,Active,0
3225,26757574,6505,Active,0
3233,26757589,8398,Active,0
3241,26757609,17559,Active,0
3249,26757620,25059,Active,0
3257,26757645,31208,Active,0
3265,26757656,7564,Active,0
3273,26757662,8753,Active,0
3281,26757723,73675,Active,0
3289,26757816,5833,Active,0
3297,26757829,10470544,Active,0
33,144205660,36314,Active,0
3305,26757830,135442967,Active,0
3313,26757873,93315,Active,0
3321,50113087,12932,Active,0
3329,50113099,39424,Active,0
3337,50113103,213032,Active,0
3345,50113121,52999,Active,0
3353,50113125,39327,Active,0
3361,50113135,30692,Active,0
337,17389834,409301,Active,0
3385,26757100,6794,Inconclusive,0
3393,26757351,91744,Inconclusive,0
3401,26757568,8455,Inconclusive,0
3417,144204548,5447130,Inconclusive,0
3425,144204561,460612,Inconclusive,0
3433,144204570,5366546,Inconclusive,0
3441,144204573,20039,Inconclusive,0
3449,144204591,338733,Inconclusive,0
345,26754501,7347,Active,0
3465,144204663,3037,Inconclusive,0
3473,144204682,5281034,Inconclusive,0
3481,144204784,6238,Inconclusive,0
3489,144205624,173636,Inconclusive,0
3497,144205632,2450,Inconclusive,0
3505,144205647,9415,Inconclusive,0
3513,144205675,16722126,Inconclusive,0
3521,17388664,5281575,Inconclusive,0
3529,17388668,62969,Inconclusive,0
353,26757131,91778,Active,0
3537,17388678,17142,Inconclusive,0
3545,17388680,11776,Inconclusive,0
3569,17388712,18360,Inconclusive,0
3577,17388733,108005,Inconclusive,0
3601,17388781,14090,Inconclusive,0
361,26757224,3034285,Active,0
3617,17388792,36159,Inconclusive,0
3633,17388796,6318,Inconclusive,0
3657,17388830,5371728,Inconclusive,0
3673,17388861,8872,Inconclusive,0
3681,17388912,6010,Inconclusive,0
369,26757308,6422843,Active,0
3697,17388954,439280,Inconclusive,0
3705,17388959,13551,Inconclusive,0
3713,17388977,91649,Inconclusive,0
3729,17389027,13816,Inconclusive,0
3737,17389030,7595,Inconclusive,0
3761,17389055,7582,Inconclusive,0
3769,17389070,7044,Inconclusive,0
377,26757543,61253,Active,0
3785,17389090,73773,Inconclusive,0
3793,17389105,6537499,Inconclusive,0
3809,17389114,5993,Inconclusive,0
3817,17389127,6537495,Inconclusive,0
3825,17389147,5284459,Inconclusive,0
3833,17389158,7222,Inconclusive,0
3841,17389170,10771,Inconclusive,0
3849,17389173,447043,Inconclusive,0
385,26757844,16684434,Active,0
3857,17389215,7050,Inconclusive,0
3865,17389219,22463,Inconclusive,0
3873,17389224,4075,Inconclusive,0
3881,17389239,8390,Inconclusive,0
3897,17389289,7443,Inconclusive,0
3905,17389290,5817,Inconclusive,0
3921,17389308,6732,Inconclusive,0
3929,17389360,7264,Inconclusive,0
393,17388881,8749,Active,0
3937,17389363,7265,Inconclusive,0
3953,17389409,16659,Inconclusive,0
3961,17389461,11818,Inconclusive,0
3969,17389480,21660,Inconclusive,0
3977,17389495,18728,Inconclusive,0
3985,17389496,641245,Inconclusive,0
3993,17389499,6782,Inconclusive,0
4001,17389515,10635,Inconclusive,0
4009,17389516,13089,Inconclusive,0
401,17389072,10788,Active,0
4025,17389520,5280961,Inconclusive,0
4033,17389521,2999413,Inconclusive,0
4041,17389551,904,Inconclusive,0
4065,17389597,8095,Inconclusive,0
4073,17389613,7726,Inconclusive,0
409,17389431,20250,Active,0
4097,17389623,7321,Inconclusive,0
41,26754306,14957,Active,0
4105,17389625,7281,Inconclusive,0
4113,17389693,6529,Inconclusive,0
4129,17389750,62882,Inconclusive,0
4137,17389754,5794,Inconclusive,0
4161,17389769,8691,Inconclusive,0
4169,17389774,54680782,Inconclusive,0
417,17389835,5284416,Active,0
4177,17389788,6604200,Inconclusive,0
4233,17389865,441140,Inconclusive,0
4249,17389889,6501,Inconclusive,0
425,26751532,4993,Active,0
4257,17389892,702,Inconclusive,0
4265,17389893,3293,Inconclusive,0
4273,17389897,8815,Inconclusive,0
4281,17389901,3224,Inconclusive,0
4289,17389904,6319,Inconclusive,0
4297,17389909,6598,Inconclusive,0
4305,17389922,3048,Inconclusive,0
4313,17389933,11933,Inconclusive,0
4321,17389960,61444,Inconclusive,0
4329,17389963,2950,Inconclusive,0
4337,17389976,7260,Inconclusive,0
4345,17389986,2708,Inconclusive,0
4353,17390005,10898,Inconclusive,0
4361,17390009,36383,Inconclusive,0
4377,17390029,2268,Inconclusive,0
4385,17390031,2265,Inconclusive,0
4401,17390058,2087,Inconclusive,0
4409,17390065,8247,Inconclusive,0
441,26753613,4477,Active,0
4417,26751450,3339,Inconclusive,0
4425,26751453,4594,Inconclusive,0
4433,26751520,5754,Inconclusive,0
4465,26751601,8228,Inconclusive,0
4473,26751622,6240,Inconclusive,0
4505,26752286,21307,Inconclusive,0
4513,26752305,6014,Inconclusive,0
4521,26752324,9568,Inconclusive,0
4529,26752325,91513,Inconclusive,0
4537,26752778,6625,Inconclusive,0
457,26757596,16682834,Active,0
4585,26752823,108938,Inconclusive,0
465,26757667,8152,Active,0
4681,26752998,3032791,Inconclusive,0
4713,26753029,86102,Inconclusive,0
473,50113108,11048796,Active,0
4785,26753530,2578,Inconclusive,0
4793,26753566,6047,Inconclusive,0
4801,26753711,36324,Inconclusive,0
4809,26753712,39385,Inconclusive,0
481,17389015,14710,Active,0
4825,26753717,3352,Inconclusive,0
4833,26753724,5281607,Inconclusive,0
4841,26753730,638024,Inconclusive,0
4849,26754114,91773,Inconclusive,0
4865,26754498,5564,Inconclusive,0
4873,26754626,40087,Inconclusive,0
4881,26754629,47898,Inconclusive,0
4889,26754631,6719,Inconclusive,0
489,17389115,8816,Active,0
4897,26754634,25146,Inconclusive,0
49,17389095,6167,Active,0
4905,26756453,9600409,Inconclusive,0
4913,26756474,1674,Inconclusive,0
4921,26756895,10207,Inconclusive,0
4929,26757088,3391107,Inconclusive,0
4945,26757103,16760138,Inconclusive,0
4961,26757111,10937610,Inconclusive,0
4969,26757112,13709,Inconclusive,0
4977,26757115,29732,Inconclusive,0
4993,26757137,91655,Inconclusive,0
5009,26757142,24365,Inconclusive,0
5017,26757143,31677,Inconclusive,0
5025,26757145,3444,Inconclusive,0
5033,26757168,184964,Inconclusive,0
5041,26757177,6336,Inconclusive,0
505,17389529,37542,Active,0
5057,26757180,37175,Inconclusive,0
5065,26757184,16760149,Inconclusive,0
5081,26757200,86367,Inconclusive,0
5089,26757207,156429,Inconclusive,0
5097,26757221,29393,Inconclusive,0
5105,26757230,51605,Inconclusive,0
5113,26757240,114994,Inconclusive,0
5129,26757249,91768,Inconclusive,0
5137,26757251,27295,Inconclusive,0
5153,26757263,9595287,Inconclusive,0
5161,26757272,34469,Inconclusive,0
5169,26757274,62210,Inconclusive,0
5177,26757276,16760154,Inconclusive,0
5185,26757277,91776,Inconclusive,0
5193,26757284,9601227,Inconclusive,0
5201,26757296,86398,Inconclusive,0
5209,26757316,93541,Inconclusive,0
5217,26757319,40585,Inconclusive,0
5225,26757330,86222,Inconclusive,0
5233,26757332,41632,Inconclusive,0
5241,26757333,43226,Inconclusive,0
5249,26757344,19402,Inconclusive,0
5257,26757364,6440554,Inconclusive,0
5265,26757366,80277,Inconclusive,0
5281,26757371,115003,Inconclusive,0
5289,26757377,16760158,Inconclusive,0
529,26752975,9074,Active,0
5297,26757469,6853,Inconclusive,0
5305,26757484,8530,Inconclusive,0
5313,26757506,17190,Inconclusive,0
5321,26757527,14869,Inconclusive,0
5329,26757556,62485,Inconclusive,0
5337,26757559,93118,Inconclusive,0
5345,26757571,591200,Inconclusive,0
5353,26757577,76716,Inconclusive,0
5361,26757615,164282,Inconclusive,0
5369,26757634,21694,Inconclusive,0
5377,26757641,6931,Inconclusive,0
5385,26757643,66166,Inconclusive,0
5393,26757678,13218777,Inconclusive,0
5401,26757681,9936739,Inconclusive,0
5409,26757688,66461,Inconclusive,0
5417,26757693,73672,Inconclusive,0
5433,26757733,86429,Inconclusive,0
5441,26757738,65064,Inconclusive,0
5449,26757801,2467,Inconclusive,0
545,26753628,6364534,Active,0
5457,26757802,93379,Inconclusive,0
5473,26757835,91497,Inconclusive,0
5505,26757880,6537961,Inconclusive,0
5513,26757886,6436604,Inconclusive,0
5529,50113090,11826859,Inconclusive,0
553,26753707,15910,Active,0
5537,50113109,54745,Inconclusive,0
5545,50113122,8227,Inconclusive,0
5553,50113134,22833506,Inconclusive,0
5569,84986996,6872,Inconclusive,0
5577,17388878,7589,Inconclusive,0
5593,26757863,3032555,Inconclusive,0
5601,144204428,12035,Inactive,0
561,26757195,44134378,Active,0
5625,144204448,5284443,Inactive,0
5633,144204468,38852,Inactive,0
5641,144204491,47936,Inactive,0
5673,144204566,444913,Inactive,0
569,26757257,11664966,Active,0
57,26752122,126941,Active,0
5721,144204598,8197,Inactive,0
5761,144204609,10204,Inactive,0
5769,144204610,3423265,Inactive,0
577,26757309,6112114,Active,0
5785,144204618,5280450,Inactive,0
5801,144204632,4133,Inactive,0
5809,144204637,445639,Inactive,0
5833,144204653,3610,Inactive,0
5849,144204670,7452,Inactive,0
585,26757661,13762,Active,0
5889,144204689,7338,Inactive,0
5913,144204706,5541,Inactive,0
5929,144204734,9787,Inactive,0
593,26757818,449459,Active,0
5945,144204858,2723,Inactive,0
5953,144204911,5143,Inactive,0
5961,144204922,6780,Inactive,0
5969,144204925,2345,Inactive,0
5985,144205633,8042,Inactive,0
5993,144205634,23672301,Inactive,0
6001,144205635,24764,Inactive,0
6009,144205636,517121,Inactive,0
601,50113111,8607,Active,0
6017,144205638,8907,Inactive,0
6025,144205641,7180,Inactive,0
6033,144205643,16211101,Inactive,0
6041,144205644,517414,Inactive,0
6049,144205645,6251,Inactive,0
6057,144205646,5988,Inactive,0
6065,144205648,71905,Inactive,0
6073,144205650,517383,Inactive,0
6081,144205653,16218600,Inactive,0
6089,144205654,5819,Inactive,0
609,50113136,86354,Active,0
6097,144205656,6909,Inactive,0
6113,144205658,985,Inactive,0
6121,144205659,23707968,Inactive,0
6129,144205661,92839,Inactive,0
6137,144205662,9864,Inactive,0
6145,144205663,3698,Inactive,0
6153,144205665,38258,Inactive,0
6161,144205666,4197,Inactive,0
6169,144205667,28417,Inactive,0
6177,144205668,9782,Inactive,0
6185,144205669,20469,Inactive,0
6193,144205670,27461,Inactive,0
6201,144205671,17100,Inactive,0
6209,144205673,2750,Inactive,0
6217,144205674,2763,Inactive,0
625,144204583,9444,Active,0
6265,144207088,9920342,Inactive,0
6273,17388666,7529,Inactive,0
6289,17388669,10215,Inactive,0
6297,17388670,61186,Inactive,0
6305,17388671,8061,Inactive,0
6313,17388672,6440940,Inactive,0
6321,17388673,66449,Inactive,0
6329,17388676,18725,Inactive,0
633,144205649,5974,Active,0
6337,17388677,8783,Inactive,0
6361,17388683,6420,Inactive,0
6377,17388685,13931,Inactive,0
6393,17388688,641240,Inactive,0
6401,17388689,638186,Inactive,0
641,17388789,8813,Active,0
6417,17388691,8030,Inactive,0
6441,17388694,700999,Inactive,0
6449,17388696,8404,Inactive,0
6457,17388697,2723754,Inactive,0
6489,17388704,62753,Inactive,0
649,17388818,1318,Active,0
6505,17388707,6410,Inactive,0
6553,17388714,24314,Inactive,0
6561,17388716,61247,Inactive,0
6569,17388717,7172,Inactive,0
657,17389310,33528,Active,0
6577,17388718,5340,Inactive,0
6585,17388719,5987,Inactive,0
6593,17388720,5329,Inactive,0
6601,17388721,5320,Inactive,0
6609,17388722,8062,Inactive,0
6641,17388726,16220118,Inactive,0
6649,17388727,23668192,Inactive,0
6673,17388730,516919,Inactive,0
6697,17388734,23668194,Inactive,0
6705,17388735,516902,Inactive,0
6713,17388736,23668195,Inactive,0
6729,17388738,31553,Inactive,0
6745,17388742,26323,Inactive,0
6753,17388743,18056,Inactive,0
6761,17388745,10168,Inactive,0
6777,17388749,67172,Inactive,0
6785,17388750,6988,Inactive,0
6793,17388751,7724,Inactive,0
6809,17388753,7390,Inactive,0
6833,17388757,92629,Inactive,0
6857,17388762,9076,Inactive,0
6865,17388764,13539,Inactive,0
6873,17388765,17231,Inactive,0
6881,17388766,7473,Inactive,0
6889,17388767,7494,Inactive,0
689,26757096,62738,Active,0
6897,17388768,17549,Inactive,0
6905,17388770,7487,Inactive,0
6913,17388771,11505,Inactive,0
6921,17388772,9473,Inactive,0
6929,17388773,8438,Inactive,0
6937,17388774,10129,Inactive,0
6953,17388776,24819,Inactive,0
6969,17388778,1004,Inactive,0
697,26757187,5281875,Active,0
6993,17388782,19188,Inactive,0
7001,17388783,24744,Inactive,0
7009,17388784,6537507,Inactive,0
7017,17388785,7666,Inactive,0
7025,17388786,8615,Inactive,0
7049,17388794,66041,Inactive,0
705,26757404,8342,Active,0
7057,17388795,7810,Inactive,0
7065,17388797,7805,Inactive,0
7073,17388798,15277,Inactive,0
7081,17388800,7732,Inactive,0
7089,17388801,31244,Inactive,0
7097,17388803,31230,Inactive,0
7105,17388804,978,Inactive,0
7121,17388806,19266,Inactive,0
713,26757599,16684310,Active,0
7145,17388811,7242,Inactive,0
7153,17388812,8373,Inactive,0
7169,17388814,967,Inactive,0
7177,17388815,157882,Inactive,0
7185,17388817,7203,Inactive,0
7193,17388820,11888,Inactive,0
7201,17388821,27054,Inactive,0
7209,17388822,11921,Inactive,0
721,26757623,17520,Active,0
7217,17388823,11875,Inactive,0
7225,17388824,11087,Inactive,0
7233,17388825,11876,Inactive,0
7241,17388826,6946,Inactive,0
7249,17388827,11346,Inactive,0
7265,17388829,10377,Inactive,0
7281,17388832,102484,Inactive,0
729,26757675,5284373,Active,0
7297,17388835,16640,Inactive,0
73,17388662,26041,Active,0
7305,17388837,7977,Inactive,0
7313,17388839,8374,Inactive,0
7321,17388840,7236,Inactive,0
7329,17388841,7000,Inactive,0
7337,17388843,6926,Inactive,0
7353,17388845,8003,Inactive,0
7361,17388846,5281249,Inactive,0
7369,17388847,8141,Inactive,0
737,26757767,12688,Active,0
7377,17388849,25711,Inactive,0
7385,17388850,11954,Inactive,0
7393,17388855,13032,Inactive,0
7401,17388856,16637,Inactive,0
7409,17388859,62390,Inactive,0
7417,17388862,4463,Inactive,0
7425,17388863,7098,Inactive,0
7433,17388864,6637,Inactive,0
7441,17388865,7670,Inactive,0
7449,17388866,28594,Inactive,0
745,26757855,44134382,Active,0
7457,17388867,30231,Inactive,0
7465,17388869,18510,Inactive,0
7473,17388870,6633,Inactive,0
7481,17388871,17049,Inactive,0
7497,17388873,8846,Inactive,0
7505,17388874,7684,Inactive,0
7513,17388875,8443,Inactive,0
7529,17388879,80365,Inactive,0
753,50107282,4936,Active,0
7545,17388885,7490,Inactive,0
7553,17388886,8097,Inactive,0
7561,17388888,4276,Inactive,0
7577,17388890,7929,Inactive,0
7585,17388891,6753,Inactive,0
7593,17388892,12104,Inactive,0
7601,17388893,12120,Inactive,0
7633,17388897,11137,Inactive,0
7641,17388898,12078,Inactive,0
7649,17388899,8495,Inactive,0
7665,17388901,12576,Inactive,0
7673,17388902,7423,Inactive,0
7681,17388903,8494,Inactive,0
7689,17388904,5281567,Inactive,0
769,17388852,5935,Active,0
7697,17388905,16907,Inactive,0
7729,17388911,6570,Inactive,0
7737,17388913,637759,Inactive,0
7761,17388916,12228,Inactive,0
7769,17388917,20686,Inactive,0
777,17388910,22772,Active,0
7777,17388918,10797,Inactive,0
7785,17388920,7747,Inactive,0
7793,17388921,7150,Inactive,0
7801,17388922,8635,Inactive,0
7809,17388923,7294,Inactive,0
7841,17388928,6595,Inactive,0
7849,17388929,329983,Inactive,0
785,17388988,3485,Active,0
7873,17388933,7933,Inactive,0
7881,17388934,7374,Inactive,0
7889,17388935,447,Inactive,0
7897,17388936,7932,Inactive,0
7905,17388937,11560,Inactive,0
7913,17388938,10824,Inactive,0
7921,17388939,11568,Inactive,0
7929,17388940,7604,Inactive,0
793,17389047,6537502,Active,0
7937,17388941,8474,Inactive,0
7945,17388942,8369,Inactive,0
7953,17388944,10638,Inactive,0
7961,17388945,5280934,Inactive,0
7993,17388949,22456,Inactive,0
8009,17388951,17163,Inactive,0
8017,17388952,8192,Inactive,0
8033,17388956,5281565,Inactive,0
8049,17388958,62553,Inactive,0
8057,17388960,6364,Inactive,0
8065,17388961,19920,Inactive,0
8073,17388962,7915,Inactive,0
8081,17388963,7916,Inactive,0
8089,17388964,10453,Inactive,0
809,17389213,1923,Active,0
8105,17388966,108242,Inactive,0
8113,17388967,18502,Inactive,0
8121,17388968,7352,Inactive,0
8129,17388969,8053,Inactive,0
8137,17388970,5273467,Inactive,0
8145,17388971,31276,Inactive,0
8153,17388972,3712,Inactive,0
8161,17388973,24812,Inactive,0
8169,17388974,795,Inactive,0
817,17389243,5288209,Active,0
8177,17388975,6537505,Inactive,0
8185,17388976,24846,Inactive,0
8193,17388978,1309,Inactive,0
8201,17388979,1550884,Inactive,0
8209,17388980,8119,Inactive,0
8217,17388981,3562,Inactive,0
8225,17388982,3552,Inactive,0
8233,17388985,7860,Inactive,0
8241,17388986,7837,Inactive,0
825,17389512,5284643,Active,0
8281,17388992,12170,Inactive,0
8289,17388993,5325504,Inactive,0
8297,17388995,7671,Inactive,0
8305,17388996,713,Inactive,0
8313,17388998,6446,Inactive,0
8321,17388999,24603,Inactive,0
8329,17389000,10008,Inactive,0
833,17389739,11292,Active,0
8345,17389002,7611,Inactive,0
8353,17389003,25914,Inactive,0
8369,17389006,12375,Inactive,0
8377,17389007,701,Inactive,0
8385,17389008,15394,Inactive,0
8393,17389009,6113,Inactive,0
8401,17389011,81530,Inactive,0
8409,17389012,6877,Inactive,0
8417,17389013,8821,Inactive,0
8425,17389014,12301,Inactive,0
8441,17389021,5281771,Inactive,0
8457,17389024,66666,Inactive,0
8465,17389025,19283,Inactive,0
8473,17389026,8033,Inactive,0
849,17389841,53232,Active,0
8513,17389034,7820,Inactive,0
8521,17389035,11317,Inactive,0
8529,17389036,70452,Inactive,0
8537,17389037,12232,Inactive,0
8545,17389038,82728,Inactive,0
8553,17389039,14242,Inactive,0
8569,17389042,12734,Inactive,0
8577,17389043,7912,Inactive,0
8585,17389044,229852,Inactive,0
8593,17389045,98356,Inactive,0
8601,17389048,8210,Inactive,0
8617,17389051,6534,Inactive,0
8625,17389052,7766,Inactive,0
8641,17389054,6492,Inactive,0
865,17390034,17170,Active,0
8665,17389061,74189,Inactive,0
8673,17389062,75969,Inactive,0
8681,17389063,9217,Inactive,0
8697,17389065,2723951,Inactive,0
8705,17389066,8344,Inactive,0
8713,17389067,5273621,Inactive,0
8721,17389068,23668196,Inactive,0
8729,17389069,6537501,Inactive,0
873,26751488,16362,Active,0
8737,17389071,159055,Inactive,0
8761,17389077,6537500,Inactive,0
8777,17389079,7298,Inactive,0
8785,17389080,9253,Inactive,0
8801,17389084,9246,Inactive,0
8809,17389085,13610,Inactive,0
8833,17389091,447466,Inactive,0
8841,17389093,2879,Inactive,0
8857,17389097,92884,Inactive,0
8873,17389099,5356785,Inactive,0
8881,17389101,643833,Inactive,0
8889,17389102,10900,Inactive,0
8897,17389103,637511,Inactive,0
89,26753661,3117,Active,0
8913,17389106,5281764,Inactive,0
8921,17389108,6537498,Inactive,0
8929,17389109,6537497,Inactive,0
8937,17389110,6397,Inactive,0
8945,17389111,6537496,Inactive,0
8977,17389118,7335,Inactive,0
8985,17389119,7438,Inactive,0
9009,17389122,6348,Inactive,0
9017,17389125,8124,Inactive,0
9025,17389126,14782,Inactive,0
9033,17389128,8855,Inactive,0
9049,17389130,121752,Inactive,0
905,26757136,44465,Active,0
9057,17389131,24433,Inactive,0
9065,17389132,5324278,Inactive,0
9073,17389133,114809,Inactive,0
9081,17389134,542762,Inactive,0
9097,17389136,61591,Inactive,0
9105,17389137,31253,Inactive,0
9121,17389139,6537494,Inactive,0
9129,17389140,7913,Inactive,0
913,26757144,16760145,Active,0
9145,17389144,8147,Inactive,0
9153,17389145,7944,Inactive,0
9185,17389151,17355,Inactive,0
9201,17389154,60999,Inactive,0
9209,17389155,10387,Inactive,0
921,26757482,7031,Active,0
9217,17389156,7368,Inactive,0
9225,17389159,95416,Inactive,0
9241,17389161,6796,Inactive,0
9265,17389164,5798,Inactive,0
9281,17389167,7371,Inactive,0
929,26757542,17701,Active,0
9297,17389171,10316,Inactive,0
9305,17389172,5462814,Inactive,0
9313,17389175,2202,Inactive,0
9321,17389176,6537492,Inactive,0
9337,17389179,22985,Inactive,0
9345,17389181,16230,Inactive,0
9361,17389183,6654,Inactive,0
9369,17389184,11080,Inactive,0
937,26757680,10403199,Active,0
9377,17389185,7407,Inactive,0
9385,17389186,5354896,Inactive,0
9393,17389187,51,Inactive,0
9401,17389188,10758,Inactive,0
9417,17389190,7498,Inactive,0
9425,17389191,7411,Inactive,0
9433,17389192,1549517,Inactive,0
9441,17389193,61410,Inactive,0
9449,17389194,7841,Inactive,0
945,26757705,15433,Active,0
9457,17389195,24116,Inactive,0
9465,17389196,11584,Inactive,0
9473,17389197,15588,Inactive,0
9497,17389203,6537490,Inactive,0
9505,17389204,8035,Inactive,0
9521,17389207,7918,Inactive,0
9529,17389208,7765,Inactive,0
953,26757804,3033832,Active,0
9545,17389210,5375199,Inactive,0
9553,17389211,11767,Inactive,0
9561,17389214,11927,Inactive,0
9577,17389220,11356,Inactive,0
9585,17389221,2355,Inactive,0
9593,17389222,76063,Inactive,0
9601,17389225,17818,Inactive,0
9609,17389226,22574,Inactive,0
961,26757831,115157,Active,0
9617,17389227,5354284,Inactive,0
9625,17389229,237332,Inactive,0
9633,17389230,6537488,Inactive,0
9641,17389231,11604,Inactive,0
9649,17389232,6969,Inactive,0
9657,17389234,3543259,Inactive,0
9665,17389235,21208,Inactive,0
9673,17389236,38764,Inactive,0
9681,17389237,13195,Inactive,0
9689,17389238,7319,Inactive,0
969,50113085,6434889,Active,0
9705,17389241,12748,Inactive,0
9713,17389242,7331,Inactive,0
9729,17389246,8462,Inactive,0
9737,17389247,9809,Inactive,0
9745,17389248,6979,Inactive,0
9753,17389249,12088,Inactive,0
9761,17389250,7101,Inactive,0
9769,17389254,11432,Inactive,0
977,144205095,71777,Active,0
9793,17389258,76985,Inactive,0
9801,17389259,6259976,Inactive,0
9809,17389260,8469,Inactive,0
9817,17389261,5324707,Inactive,0
9825,17389262,7386,Inactive,0
9833,17389263,18370,Inactive,0
9841,17389264,21575,Inactive,0
9849,17389265,7546,Inactive,0
985,17388665,5280795,Active,0
9857,17389266,8428,Inactive,0
9865,17389267,7421,Inactive,0
9873,17389268,7062,Inactive,0
9881,17389269,10963,Inactive,0
9897,17389271,6894,Inactive,0
9905,17389272,11241,Inactive,0
9913,17389273,16449,Inactive,0
9921,17389274,76583,Inactive,0
9929,17389275,15206,Inactive,0
9937,17389276,12308,Inactive,0
9953,17389278,61527,Inactive,0
9961,17389279,7949,Inactive,0
9969,17389280,7948,Inactive,0
9977,17389281,11571,Inactive,0
9985,17389282,5811,Inactive,0
